"marketTicker","eventTitle","marketTitle","closeDate","volume","yesPrice","noPrice","lastTradePrice","position","averagePrice","exposure","positionReturns","lockedInReturns","totalReturns"
"KXALBUMEQUIV-APO26JUL30-20K","A*POP: First Week Album Equivalent Units","Above 20K","Aug 2, 2026 at 10:00am EDT","61.5","89¢","15¢","85¢","No x 1","16¢","$0.15","-$0.01","$0.00","-$0.01"
"KXAFLGAME-26JUL030610ADEWCE-ADE","Adelaide Crows vs West Coast Eagles","Adelaide Crows","Jul 17, 2026 at 6:10am EDT","9","80¢","21¢","79¢","No x 2","22¢","$0.42","-$0.02","$0.00","-$0.02"
"KXAFLGAME-26JUL030610ADEWCE-WCE","Adelaide Crows vs West Coast Eagles","West Coast Eagles","Jul 17, 2026 at 6:10am EDT","188","20¢","83¢","19¢","No x 2","82¢","$1.62","-$0.02","$0.00","-$0.02"
"KXADP-26JUL-T-25000","ADP employment change next month?","Above -25000","Aug 5, 2026 at 8:14am EDT","207","99¢","7¢","93¢","No x 7","7¢","$0.49","-$0.03","$0.00","-$0.03"
"KXADP-26JUL-T0","ADP employment change next month?","Above 0","Aug 5, 2026 at 8:14am EDT","7","94¢","16¢","84¢","No x 7","17¢","$1.12","-$0.07","$0.00","-$0.07"
"KXADP-26JUL-T100000","ADP employment change next month?","Above 100000","Aug 5, 2026 at 8:14am EDT","207","23¢","87¢","13¢","No x 1","88¢","$0.87","-$0.01","-$0.25","-$0.26"
"KXADP-26JUL-T125000","ADP employment change next month?","Above 125000","Aug 5, 2026 at 8:14am EDT","5","12¢","94¢","12¢","Yes x 2","13¢","$0.24","-$0.01","$0.00","-$0.01"
"KXADP-26JUL-T25000","ADP employment change next month?","Above 25000","Aug 5, 2026 at 8:14am EDT","428","85¢","25¢","75¢","No x 7","26¢","$1.75","-$0.09","$0.00","-$0.09"
"KXADP-26JUL-T50000","ADP employment change next month?","Above 50000","Aug 5, 2026 at 8:14am EDT","520","59¢","46¢","54¢","No x 5","48¢","$2.30","-$0.09","$0.00","-$0.09"
"KXADP-26JUL-T75000","ADP employment change next month?","Above 75000","Aug 5, 2026 at 8:14am EDT","495","35¢","71¢","30¢","No x 3","72¢","$2.11","-$0.06","-$0.20","-$0.25"
"KXADP-26JUN-T-25000","ADP employment change this month?","Above -25000","Jul 1, 2026 at 8:14am EDT","57","99¢","10¢","90¢","No x 5","23¢","$1.08","-$0.63","$0.00","-$0.63"
"KXADP-26JUN-T0","ADP employment change this month?","Above 0","Jul 1, 2026 at 8:14am EDT","250.78","99¢","17¢","50¢","No x 2","92¢","$1.84","-$0.84","$0.00","-$0.84"
"KXADP-26JUN-T100000","ADP employment change this month?","Above 100000","Jul 1, 2026 at 8:14am EDT","1592.18","85¢","63¢","67¢","No x 2","35¢","$0.66","-$0.03","$0.00","-$0.03"
"KXADP-26JUN-T25000","ADP employment change this month?","Above 25000","Jul 1, 2026 at 8:14am EDT","612","98¢","24¢","21¢","No x 2","80¢","$1.58","-$0.02","$0.00","-$0.02"
"KXADP-26JUN-T50000","ADP employment change this month?","Above 50000","Jul 1, 2026 at 8:14am EDT","2304.92","97¢","38¢","28¢","No x 4","81¢","$3.19","-$0.35","$0.00","-$0.35"
"KXADP-26JUN-T75000","ADP employment change this month?","Above 75000","Jul 1, 2026 at 8:14am EDT","1167.78","97¢","48¢","34¢","No x 4.25","50¢","$2.05","+$0.70","$0.00","+$0.70"
"KXAISPIKE-27B-1520","AI capability growth this year?","At least 1520 score","Jan 1, 2027 at 10:00am EST","1071","68¢","38¢","67¢","No x 2","84¢","$1.68","-$1.02","$0.00","-$1.02"
"KXAISPIKE-27B-1530","AI capability growth this year?","At least 1530 score","Jan 1, 2027 at 10:00am EST","1208.5","51¢","54¢","57¢","No x 2","84¢","$1.68","-$0.82","$0.00","-$0.82"
"KXAISPIKE-27B-1540","AI capability growth this year?","At least 1540 score","Jan 1, 2027 at 10:00am EST","426","35¢","70¢","38¢","No x 2","84¢","$1.68","-$0.44","$0.00","-$0.44"
"KXAISPIKE-27-1550","AI capability growth this year?","At least 1550 score","Jan 1, 2027 at 10:00am EST","32817.5","28¢","76¢","30¢","No x 2","72¢","$1.42","-$0.05","$0.00","-$0.05"
"KXABNB-26AUGNEB-P141000000","Airbnb bookings in Q2","Above 141 million","Sep 4, 2026 at 4:00pm EDT","1692","99¢","6¢","94¢","No x 2","6¢","$0.12","-$0.01","$0.00","-$0.01"
"KXABNB-26AUGNEB-P144000000","Airbnb bookings in Q2","Above 144 million","Sep 4, 2026 at 4:00pm EDT","3449","93¢","13¢","87¢","No x 2","14¢","$0.26","-$0.02","$0.00","-$0.02"
"KXABNB-26AUGNEB-P147000000","Airbnb bookings in Q2","Above 147 million","Sep 4, 2026 at 4:00pm EDT","2986","44¢","61¢","39¢","No x 2","63¢","$1.22","-$0.03","$0.00","-$0.03"
"KXABNB-26AUGNEB-P153000000","Airbnb bookings in Q2","Above 153 million","Sep 4, 2026 at 4:00pm EDT","4964","4¢","99¢","4¢","Yes x 2","4¢","$0.08","-$0.01","$0.00","-$0.01"
"KXALPRIMARY-01R26-JCAR","AL-01 Republican nominee?","Jerry Carl","Nov 3, 2027 at 11:00am EDT","14493.67","98.5¢","98.9¢","86¢","No x 1","22¢","$0.21","-$0.08","$0.00","-$0.08"
"KXWCSCORE-26JUL01BELSEN-BEL3SEN2","Belgium vs Senegal: Regulation Time Correct Score","Reg Time: Belgium wins 3-2","Jul 15, 2026 at 4:00pm EDT","435.28","3¢","98¢","3¢","Yes x 1","3¢","$0.03","-$0.00","$0.00","-$0.00"
"KXBRPRES-26-EBOL","Brazil Presidential election winner?","Eduardo Bolsonaro","Oct 25, 2027 at 10:00am EDT","229","0.3¢","99.9¢","0.3¢","Yes x 1","0¢","$0.00","-$0.00","$0.00","-$0.00"
"KXBRPRES-26-JB","Brazil Presidential election winner?","Jair Bolsonaro","Oct 25, 2027 at 10:00am EDT","119791","1¢","99.3¢","1¢","Yes x 1","1¢","$0.01","-$0.00","$0.00","-$0.00"
"KXBRPRES-26-TDF","Brazil Presidential election winner?","Tarcísio de Freitas","Oct 25, 2027 at 10:00am EDT","220450","0.4¢","99.9¢","0.4¢","Yes x 1","0¢","$0.00","-$0.00","$0.00","-$0.00"
"KXAFLGAME-26JUL020530BRIGEE-BRI","Brisbane Lions vs Geelong Cats","Brisbane Lions","Jul 16, 2026 at 5:30am EDT","229.16","35¢","66¢","35¢","No x 2","70¢","$1.36","-$0.09","$0.00","-$0.09"
"KXAFLGAME-26JUL020530BRIGEE-GEE","Brisbane Lions vs Geelong Cats","Geelong Cats","Jul 16, 2026 at 5:30am EDT","856.53","64¢","37¢","68¢","No x 2","36¢","$0.68","-$0.07","$0.00","-$0.07"
"KXAFLGAME-26JUL040535CFCRIC-CFC","Carlton Blues vs Richmond Tigers","Carlton Blues","Jul 18, 2026 at 5:35am EDT","130215.65","86¢","15¢","87¢","No x 2","14¢","$0.26","-$0.02","$0.00","-$0.02"
"KXAFLGAME-26JUL040535CFCRIC-RIC","Carlton Blues vs Richmond Tigers","Richmond Tigers","Jul 18, 2026 at 5:35am EDT","123","14¢","87¢","12¢","No x 2","89¢","$1.76","-$0.01","$0.00","-$0.01"
"KXAFLGAME-26JUL040215COLGCS-COL","Collingwood Magpies vs Gold Coast Suns","Collingwood Magpies","Jul 18, 2026 at 2:15am EDT","13.5","41¢","60¢","39¢","No x 2","63¢","$1.22","-$0.03","$0.00","-$0.03"
"KXAFLGAME-26JUL040215COLGCS-GCS","Collingwood Magpies vs Gold Coast Suns","Gold Coast Suns","Jul 18, 2026 at 2:15am EDT","2","59¢","42¢","59¢","No x 2","43¢","$0.82","-$0.03","$0.00","-$0.03"
"KXALBUMEQUIV-CON26JUL09-20K","CONFESSIONS II: First Week Album Equivalent Units","Above 20K","Jul 12, 2026 at 10:00am EDT","127","99¢","3¢","97¢","No x 1","3¢","$0.03","-$0.00","$0.00","-$0.00"
"KXALBUMEQUIV-CON26JUL09-40K","CONFESSIONS II: First Week Album Equivalent Units","Above 40K","Jul 12, 2026 at 10:00am EDT","621.34","94¢","22¢","90¢","No x 1","9¢","$0.08","+$0.01","$0.00","+$0.01"
"KXALBUMEQUIV-CON26JUL09-50K","CONFESSIONS II: First Week Album Equivalent Units","Above 50K","Jul 12, 2026 at 10:00am EDT","1181.5","90¢","55¢","91¢","No x 1","10¢","$0.09","-$0.01","$0.00","-$0.01"
"KXALBUMEQUIV-DAU26JUL23-85K","Daughter From Hell: First Week Pure Album Sales","Above 85K","Jul 26, 2026 at 10:00am EDT","979.11","61¢","48¢","52¢","No x 1","50¢","$0.48","-$0.02","$0.00","-$0.02"
"KXALBUMEQUIV-DAU26JUL23-90K","Daughter From Hell: First Week Pure Album Sales","Above 90K","Jul 26, 2026 at 10:00am EDT","1546.95","52¢","52¢","48¢","No x 1","54¢","$0.52","-$0.02","$0.00","-$0.02"
"KXALBUMEQUIV-DAU26JUL23-95K","Daughter From Hell: First Week Pure Album Sales","Above 95K","Jul 26, 2026 at 10:00am EDT","1663.56","47¢","60¢","48¢","No x 1","66¢","$0.64","-$0.14","$0.00","-$0.14"
"KXAFLGAME-26JUL032335FREGWS-FRE","Fremantle Dockers vs GWS Giants","Fremantle Dockers","Jul 17, 2026 at 11:35pm EDT","8","72¢","29¢","71¢","No x 2","30¢","$0.58","-$0.03","$0.00","-$0.03"
"KXAFLGAME-26JUL032335FREGWS-GWS","Fremantle Dockers vs GWS Giants","GWS Giants","Jul 17, 2026 at 11:35pm EDT","13","29¢","73¢","29¢","No x 2","74¢","$1.46","-$0.07","$0.00","-$0.07"
"KXALBUMLENGTH-26DEC30-PET-30","How long will Ariana Grande's album 'petal' be?","At least 30 minutes","Dec 30, 2026 at 11:59pm EST","265","98¢","13¢","87¢","No x 1","14¢","$0.13","-$0.01","$0.00","-$0.01"
"KXALBUMLENGTH-26DEC30-PET-35","How long will Ariana Grande's album 'petal' be?","At least 35 minutes","Dec 30, 2026 at 11:59pm EST","336.5","90¢","24¢","76¢","No x 1","25¢","$0.24","-$0.01","$0.00","-$0.01"
"KXALBUMLENGTH-26DEC30-PET-40","How long will Ariana Grande's album 'petal' be?","At least 40 minutes","Dec 30, 2026 at 11:59pm EST","203.5","57¢","57¢","44¢","No x 1","58¢","$0.56","-$0.02","$0.00","-$0.02"
"KXALBUMLENGTH-26DEC30-PET-45","How long will Ariana Grande's album 'petal' be?","At least 45 minutes","Dec 30, 2026 at 11:59pm EST","518","22¢","87¢","14¢","No x 1","87¢","$0.86","-$0.01","$0.00","-$0.01"
"KXPGATOUR-JODC26-TKAN","John Deere Classic Winner","Takumi Kanaya","Jul 18, 2026 at 8:00pm EDT","1645.81","0.3¢","99.8¢","0.3¢","Yes x 1","0¢","$0.00","-$0.00","$0.00","-$0.00"
"KXAFLGAME-26JUL032315MELHAW-HAW","Melbourne Demons vs Hawthorn Hawks","Hawthorn Hawks","Jul 17, 2026 at 11:15pm EDT","2","68¢","34¢","67¢","No x 2","35¢","$0.66","-$0.03","$0.00","-$0.03"
"KXAFLGAME-26JUL032315MELHAW-MEL","Melbourne Demons vs Hawthorn Hawks","Melbourne Demons","Jul 17, 2026 at 11:15pm EDT","290","34¢","68¢","34¢","No x 2","74¢","$1.46","-$0.17","$0.00","-$0.17"
"KXATPMATCH-26JUL01MERMED-MED","Merida vs Medvedev","Daniil Medvedev","Jul 15, 2026 at 6:00am EDT","4194.1","95¢","6¢","95¢","No x 1","7¢","$0.07","-$0.02","$0.00","-$0.02"
"KXAFLGAME-26JUL050240NMKPAP-NMK","North Melbourne Kangaroos vs Port Adelaide Power","North Melbourne Kangaroos","Jul 19, 2026 at 2:40am EDT","14","32¢","69¢","32¢","No x 2","71¢","$1.40","-$0.07","$0.00","-$0.07"
"KXAFLGAME-26JUL050240NMKPAP-PAP","North Melbourne Kangaroos vs Port Adelaide Power","Port Adelaide Power","Jul 19, 2026 at 2:40am EDT","2","68¢","33¢","68¢","No x 2","34¢","$0.64","-$0.03","$0.00","-$0.03"
"KXAFLGAME-26JUL050115SKSESS-ESS","St Kilda Saints vs Essendon Bombers","Essendon Bombers","Jul 19, 2026 at 1:15am EDT","102","22¢","80¢","19¢","No x 2","82¢","$1.62","-$0.02","$0.00","-$0.02"
"KXAFLGAME-26JUL050115SKSESS-SKS","St Kilda Saints vs Essendon Bombers","St Kilda Saints","Jul 19, 2026 at 1:15am EDT","36","79¢","22¢","78¢","No x 2","22¢","$0.42","-$0.00","$0.00","-$0.00"
"KXALBUMEQUIV-THI26AUG13-50K","THIS & THAT: First Week Album Equivalent Units","Above 50K","Aug 16, 2026 at 10:00am EDT","78","98¢","18¢","93¢","No x 2","20¢","$0.38","-$0.26","$0.00","-$0.26"
"KXALBUMEQUIV-THI26AUG13-75K","THIS & THAT: First Week Album Equivalent Units","Above 75K","Aug 16, 2026 at 10:00am EDT","61","96¢","17¢","92¢","No x 1","9¢","$0.08","-$0.01","$0.00","-$0.01"
"KXAPRPOTUS-26JUL03-40.3","Trump's approval rating on Friday?","40.2 to 40.4","Jul 3, 2026 at 11:00am EDT","6193.14","14¢","87¢","13¢","No x 1","81¢","$0.80","+$0.06","$0.00","+$0.06"
"KXAPRPOTUS-26JUL03-40.6","Trump's approval rating on Friday?","40.5 to 40.7","Jul 3, 2026 at 11:00am EDT","6786.88","38¢","63¢","38¢","No x 1","71¢","$0.69","-$0.08","$0.00","-$0.08"
"KXAPRPOTUS-26JUL03-40.9","Trump's approval rating on Friday?","40.8 to 41.0","Jul 3, 2026 at 11:00am EDT","6290.76","29¢","72¢","29¢","No x 1","80¢","$0.79","-$0.09","$0.00","-$0.09"
"KXAPRPOTUS-26JUL03-41.2","Trump's approval rating on Friday?","41.1 to 41.3","Jul 3, 2026 at 11:00am EDT","6909.98","12¢","89¢","11¢","No x 1","91¢","$0.90","-$0.02","$0.00","-$0.02"
"KXAPRPOTUS-26JUL03-41.3","Trump's approval rating on Friday?","Above 41.3","Jul 3, 2026 at 11:00am EDT","6955.8","8¢","93¢","7¢","No x 1","93¢","$0.92","+$0.00","$0.00","+$0.00"
"KXAAAGASW-26JUL06-3.660","US gas prices this week","Above 3.660","Jul 5, 2026 at 11:59pm EDT","2453","--¢","1¢","99¢","No x 2","2¢","$0.04","-$0.02","$0.00","-$0.02"
"KXAAAGASW-26JUL06-3.680","US gas prices this week","Above 3.680","Jul 5, 2026 at 11:59pm EDT","2187","--¢","1¢","99¢","No x 2","2¢","$0.04","-$0.02","$0.00","-$0.02"
"KXAAAGASW-26JUL06-3.700","US gas prices this week","Above 3.700","Jul 5, 2026 at 11:59pm EDT","4356.5","--¢","1¢","99¢","No x 2","2¢","$0.04","-$0.02","$0.00","-$0.02"
"KXAAAGASW-26JUL06-3.720","US gas prices this week","Above 3.720","Jul 5, 2026 at 11:59pm EDT","2143.19","99¢","2¢","97¢","No x 2","3¢","$0.06","-$0.00","$0.00","-$0.00"
"KXAAAGASW-26JUL06-3.740","US gas prices this week","Above 3.740","Jul 5, 2026 at 11:59pm EDT","1071","96¢","5¢","92¢","No x 2","4¢","$0.08","+$0.07","$0.00","+$0.07"
"KXAAAGASW-26JUL06-3.760","US gas prices this week","Above 3.760","Jul 5, 2026 at 11:59pm EDT","564.09","94¢","13¢","86¢","No x 2","6¢","$0.12","+$0.15","$0.00","+$0.15"
"KXAAAGASW-26JUL06-3.780","US gas prices this week","Above 3.780","Jul 5, 2026 at 11:59pm EDT","2223.7","79¢","29¢","69¢","No x 2","9¢","$0.17","+$0.44","$0.00","+$0.44"
"KXAAAGASW-26JUL06-3.800","US gas prices this week","Above 3.800","Jul 5, 2026 at 11:59pm EDT","4817.1","67¢","34¢","63¢","No x 2","15¢","$0.29","+$0.43","$0.00","+$0.43"
"KXAAAGASW-26JUL06-3.820","US gas prices this week","Above 3.820","Jul 5, 2026 at 11:59pm EDT","3371.23","46¢","55¢","48¢","No x 2","25¢","$0.48","+$0.53","$0.00","+$0.53"
"KXAAAGASW-26JUL06-3.840","US gas prices this week","Above 3.840","Jul 5, 2026 at 11:59pm EDT","2783.4","34¢","67¢","34¢","No x 2","35¢","$0.66","+$0.63","$0.00","+$0.63"
"KXAAAGASW-26JUL06-3.860","US gas prices this week","Above 3.860","Jul 5, 2026 at 11:59pm EDT","2585.81","21¢","80¢","19¢","No x 2","48¢","$0.92","+$0.67","$0.00","+$0.67"
"KXAAAGASW-26JUL06-3.880","US gas prices this week","Above 3.880","Jul 5, 2026 at 11:59pm EDT","1451","6¢","95¢","12¢","No x 2","62¢","$1.21","+$0.52","$0.00","+$0.52"
"KXAAAGASW-26JUL06-3.900","US gas prices this week","Above 3.900","Jul 5, 2026 at 11:59pm EDT","2232.87","4¢","97¢","2¢","No x 2","77¢","$1.52","+$0.41","$0.00","+$0.41"
"KXAAAGASW-26JUL06-3.920","US gas prices this week","Above 3.920","Jul 5, 2026 at 11:59pm EDT","4613","1¢","--¢","1¢","No x 2","89¢","$1.76","+$0.21","$0.00","+$0.21"
"KXAAAGASW-26JUL06-3.940","US gas prices this week","Above 3.940","Jul 5, 2026 at 11:59pm EDT","4068.58","1¢","--¢","1¢","No x 2","95¢","$1.90","+$0.07","$0.00","+$0.07"
"KXWCSCORE-26JUL01USABIH-USA5BIH1","USA vs Bosnia and Herzegovina: Regulation Time Correct Score","Reg Time: USA wins 5-1","Jul 15, 2026 at 8:00pm EDT","25836.5","2¢","--¢","2¢","Yes x 1","2¢","$0.02","-$0.00","$0.00","-$0.00"
"KXAFLGAME-26JUL030540BULSYD-SYD","Western Bulldogs vs Sydney Swans","Sydney Swans","Jul 17, 2026 at 5:40am EDT","7","70¢","31¢","70¢","No x 2","31¢","$0.60","-$0.03","$0.00","-$0.03"
"KXAFLGAME-26JUL030540BULSYD-BUL","Western Bulldogs vs Sydney Swans","Western Bulldogs","Jul 17, 2026 at 5:40am EDT","150","30¢","71¢","29¢","No x 2","75¢","$1.48","-$0.09","$0.00","-$0.09"
"KXAAPLPRICEFOLD-27-1800","What will be the price of a foldable iPhone?","At least $1800","Jan 1, 2027 at 10:00am EST","12986","97¢","8¢","97¢","No x 2","9¢","$0.16","-$0.11","$0.00","-$0.11"
"KXAAPLPRICEFOLD-27-2000","What will be the price of a foldable iPhone?","At least $2000","Jan 1, 2027 at 10:00am EST","26578.5","85¢","23¢","78¢","No x 2","23¢","$0.44","-$0.02","$0.00","-$0.02"
"KXAAPLPRICEFOLD-27-2200","What will be the price of a foldable iPhone?","At least $2200","Jan 1, 2027 at 10:00am EST","37995.08","60¢","45¢","56¢","No x 2","48¢","$0.92","-$0.07","$0.00","-$0.07"
"KXALITOOUT-27JAN01","When will Justice Alito retire from the Supreme Court?","Before Jan 1, 2027","Dec 31, 2026 at 11:59pm EST","166831.26","40¢","61¢","40¢","No x 1","74¢","$0.73","-$0.14","$0.00","-$0.14"
"KXALITOOUT-26SEP01","When will Justice Alito retire from the Supreme Court?","Before Sep 1, 2026","Aug 31, 2026 at 11:59pm EDT","107257.5","29¢","72¢","28¢","No x 1","86¢","$0.85","-$0.14","$0.00","-$0.14"
"KXAAPLCEOCHANGE-26","When will Tim Cook leave Apple?","Before 2027","Jan 1, 2027 at 11:59pm EST","147049.96","97¢","4¢","96¢","No x 2","5¢","$0.10","-$0.03","$0.00","-$0.03"
"KXAISTREAMSERIES-27-AMA","Which companies will release a Fully AI-generated multi-episode scripted series  before 2027?","Amazon","Dec 31, 2026 at 11:59pm EST","19208","19¢","90¢","10¢","No x 2","91¢","$1.80","-$0.01","$0.00","-$0.01"
"KXAISTREAMSERIES-27-DIS","Which companies will release a Fully AI-generated multi-episode scripted series  before 2027?","Disney","Dec 31, 2026 at 11:59pm EST","31760","12¢","90¢","12¢","No x 2","91¢","$1.80","-$0.05","$0.00","-$0.05"
"KXAISTREAMSERIES-27-NET","Which companies will release a Fully AI-generated multi-episode scripted series  before 2027?","Netflix","Dec 31, 2026 at 11:59pm EST","34985.5","9¢","92¢","8¢","No x 2","93¢","$1.84","-$0.01","$0.00","-$0.01"
"KXABRAHAMSA-27-JAN01-COLO","Which countries will normalize relations with Israel before 2027?","Colombia","Jan 1, 2027 at 10:00am EST","18337.64","88¢","15¢","84¢","No x 2","16¢","$0.30","+$0.00","$0.00","+$0.00"
"KXABRAHAMSA-27-JAN01-LEB","Which countries will normalize relations with Israel before 2027?","Lebanon","Jan 1, 2027 at 10:00am EST","57246.5","24¢","79¢","24¢","No x 2","79¢","$1.55","-$0.05","$0.00","-$0.05"
"KXABRAHAMSA-27-JAN01","Which countries will normalize relations with Israel before 2027?","Saudi Arabia","Jan 1, 2027 at 10:00am EST","172842.5","13¢","88¢","12¢","No x 2","89¢","$1.76","-$0.01","$0.00","-$0.01"
"KXABRAHAMSA-27-JAN01-SYR","Which countries will normalize relations with Israel before 2027?","Syria","Jan 1, 2027 at 10:00am EST","33904.5","14¢","90¢","9.9¢","No x 2","91¢","$1.80","-$0.01","$0.00","-$0.01"
"KXARREST-27JAN-ASCH","Who will be arrested before 2027?","Adam Schiff","Dec 31, 2026 at 11:59pm EST","45818.44","14¢","89¢","11¢","No x 1","90¢","$0.89","-$0.01","$0.00","-$0.01"
"KXARREST-27JAN-AFAU","Who will be arrested before 2027?","Anthony Fauci","Dec 31, 2026 at 11:59pm EST","67883","13¢","88¢","12¢","No x 1","89¢","$0.88","-$0.01","$0.00","-$0.01"
"KXARREST-27JAN-BNET","Who will be arrested before 2027?","Benjamin Netanyahu","Dec 31, 2026 at 11:59pm EST","5465.5","8.3¢","93.5¢","8.3¢","No x 1","94¢","$0.94","-$0.02","$0.00","-$0.02"
"KXARREST-27JAN-GNEW","Who will be arrested before 2027?","Gavin Newsom","Dec 31, 2026 at 11:59pm EST","26227","11¢","90¢","10¢","No x 1","91¢","$0.90","-$0.01","$0.00","-$0.01"
"KXARREST-27JAN-JBRE","Who will be arrested before 2027?","John Brennan","Dec 31, 2026 at 11:59pm EST","124767","42¢","59¢","41¢","No x 1","60¢","$0.58","-$0.01","$0.00","-$0.01"
"KXARREST-27JAN-JZAP","Who will be arrested before 2027?","José Luis Rodríguez Zapatero","Dec 31, 2026 at 11:59pm EST","7676.32","26¢","78¢","27¢","No x 1","78¢","$0.77","-$0.05","$0.00","-$0.05"
"KXARREST-27JAN-LJUN","Who will be arrested before 2027?","Lee Jun-seok","Dec 31, 2026 at 11:59pm EST","3188","11¢","93.9¢","6.1¢","No x 1","94¢","$0.94","-$0.00","$0.00","-$0.00"
"KXARREST-27JAN-LJAM","Who will be arrested before 2027?","Letitia James","Dec 31, 2026 at 11:59pm EST","146212.5","24¢","77¢","24¢","No x 1","78¢","$0.77","-$0.02","$0.00","-$0.02"
"KXARREST-27JAN-LCOO","Who will be arrested before 2027?","Lisa Cook","Dec 31, 2026 at 11:59pm EST","25065.5","14¢","90¢","9.9¢","No x 1","91¢","$0.90","-$0.01","$0.00","-$0.01"
"KXARREST-27JAN-MKHA","Who will be arrested before 2027?","Mahmoud Khalil","Dec 31, 2026 at 11:59pm EST","7043","23¢","83¢","17¢","No x 1","84¢","$0.83","-$0.01","$0.00","-$0.01"
"KXARREST-27JAN-PBON","Who will be arrested before 2027?","Pam Bondi","Dec 31, 2026 at 11:59pm EST","11446.06","6.9¢","94.9¢","7.1¢","No x 1","93¢","$0.93","-$0.00","$0.00","-$0.00"
"KXARREST-27JAN-THOM","Who will be arrested before 2027?","Tom Homan","Dec 31, 2026 at 11:59pm EST","3539","13¢","92¢","8¢","No x 1","93¢","$0.92","-$0.01","$0.00","-$0.01"
"KXALBUMDEBUT-26AUG15-PET","Will Ariana Grande's 'petal' debut at #1?","petal","Aug 9, 2026 at 11:59pm EDT","5807","97¢","5¢","97¢","No x 2","6¢","$0.12","-$0.07","$0.00","-$0.07"
"KXALBUMDEBUT-26AUG01-DAU","Will Gracie Abrams's 'Daughter From Hell ' debut at #1?","Daughter From Hell","Jul 26, 2026 at 11:59pm EDT","1428","76¢","25¢","71¢","No x 2","31¢","$0.59","-$0.04","$0.00","-$0.04"
"KXABRAHAMSA-29-JAN20","Will Israel and Saudi Arabia normalize relations during Trump's term?","During Trump's term","Jan 20, 2029 at 10:00am EST","55195.5","54¢","47¢","53¢","No x 2","49¢","$0.94","-$0.04","$0.00","-$0.04"
"KXACQANNOUNCESPACEX-28JAN01","Will SpaceX acquire any major U.S. telecom business before 2028?","Yes","Dec 31, 2027 at 11:59pm EST","7671.5","31¢","74¢","31¢","No x 2","75¢","$1.48","-$0.13","$0.00","-$0.13"
"KXALIENS-27","Will the U.S. confirm that aliens exist?","Before 2027","Jan 1, 2027 at 10:00am EST","24695224.55","10.4¢","90.6¢","10.4¢","No x 1","90¢","$0.90","-$0.01","$0.00","-$0.01"
"KXALIENS-27-28","Will the U.S. confirm that aliens exist?","Before 2028","Jan 1, 2028 at 10:00am EST","269531.92","23¢","78¢","22¢","No x 1","79¢","$0.78","-$0.01","$0.00","-$0.01"
"KXALIENS-27-29","Will the U.S. confirm that aliens exist?","Before Jan 20, 2029","Jan 20, 2029 at 10:00am EST","364435.5","30¢","71¢","30¢","No x 1","71¢","$0.70","-$0.01","$0.00","-$0.01"
"KXALBUMEQUIV-XPE26JUL09-10K","xperiment: First Week Album Equivalent Units","Above 10K","Jul 12, 2026 at 10:00am EDT","52","98¢","3¢","85¢","No x 1","16¢","$0.15","-$0.01","$0.00","-$0.01"
"KXALBUMEQUIV-XPE26JUL09-20K","xperiment: First Week Album Equivalent Units","Above 20K","Jul 12, 2026 at 10:00am EDT","32","98¢","3¢","98¢","No x 1","13¢","$0.12","-$0.11","$0.00","-$0.11"
"KXALBUMEQUIV-XPE26JUL09-30K","xperiment: First Week Album Equivalent Units","Above 30K","Jul 12, 2026 at 10:00am EDT","1178","97¢","4¢","97¢","No x 1","14¢","$0.13","-$0.11","$0.00","-$0.11"
"KXALBUMEQUIV-XPE26JUL09-40K","xperiment: First Week Album Equivalent Units","Above 40K","Jul 12, 2026 at 10:00am EDT","697","96¢","6¢","86¢","No x 1","15¢","$0.14","-$0.01","$0.00","-$0.01"
"KXALBUMEQUIV-XPE26JUL09-50K","xperiment: First Week Album Equivalent Units","Above 50K","Jul 12, 2026 at 10:00am EDT","484.99","89¢","16¢","85¢","No x 1","16¢","$0.15","-$0.01","$0.00","-$0.01"